SampleID	Dataset_Tag	Genome_ASM_PATH	ShortRead_Genome_ASM_PATH
N0072	ChinerOms_2019	/n/data1/hms/dbmi/farhat/mm774/Projects/231121.MtbSetV3.151CI.CompleteAndSR.Asms/ChinerOms_2019/N0072.LR.Asm.fasta	/n/data1/hms/dbmi/farhat/mm774/Projects/231121.MtbSetV3.151CI.CompleteAndSR.Asms/ChinerOms_2019/N0072.SR.Asm.fasta
N0153	ChinerOms_2019	/n/data1/hms/dbmi/farhat/mm774/Projects/231121.MtbSetV3.151CI.CompleteAndSR.Asms/ChinerOms_2019/N0153.LR.Asm.fasta	/n/data1/hms/dbmi/farhat/mm774/Projects/231121.MtbSetV3.151CI.CompleteAndSR.Asms/ChinerOms_2019/N0153.SR.Asm.fasta
TB3113	TB_Portals_24CI_R1	/n/data1/hms/dbmi/farhat/mm774/Projects/231121.MtbSetV3.151CI.CompleteAndSR.Asms/TB_Portals_24CI_R1/TB3113.LR.Asm.fasta	/n/data1/hms/dbmi/farhat/mm774/Projects/231121.MtbSetV3.151CI.CompleteAndSR.Asms/TB_Portals_24CI_R1/TB3113.SR.Asm.fasta
TB1236	TB_Portals_24CI_R1	/n/data1/hms/dbmi/farhat/mm774/Projects/231121.MtbSetV3.151CI.CompleteAndSR.Asms/TB_Portals_24CI_R1/TB1236.LR.Asm.fasta	/n/data1/hms/dbmi/farhat/mm774/Projects/231121.MtbSetV3.151CI.CompleteAndSR.Asms/TB_Portals_24CI_R1/TB1236.SR.Asm.fasta
TB2659	TB_Portals_24CI_R1	/n/data1/hms/dbmi/farhat/mm774/Projects/231121.MtbSetV3.151CI.CompleteAndSR.Asms/TB_Portals_24CI_R1/TB2659.LR.Asm.fasta	/n/data1/hms/dbmi/farhat/mm774/Projects/231121.MtbSetV3.151CI.CompleteAndSR.Asms/TB_Portals_24CI_R1/TB2659.SR.Asm.fasta
TB2780	TB_Portals_24CI_R1	/n/data1/hms/dbmi/farhat/mm774/Projects/231121.MtbSetV3.151CI.CompleteAndSR.Asms/TB_Portals_24CI_R1/TB2780.LR.Asm.fasta	/n/data1/hms/dbmi/farhat/mm774/Projects/231121.MtbSetV3.151CI.CompleteAndSR.Asms/TB_Portals_24CI_R1/TB2780.SR.Asm.fasta
TB1612	TB_Portals_24CI_R1	/n/data1/hms/dbmi/farhat/mm774/Projects/231121.MtbSetV3.151CI.CompleteAndSR.Asms/TB_Portals_24CI_R1/TB1612.LR.Asm.fasta	/n/data1/hms/dbmi/farhat/mm774/Projects/231121.MtbSetV3.151CI.CompleteAndSR.Asms/TB_Portals_24CI_R1/TB1612.SR.Asm.fasta
TB2512	TB_Portals_24CI_R1	/n/data1/hms/dbmi/farhat/mm774/Projects/231121.MtbSetV3.151CI.CompleteAndSR.Asms/TB_Portals_24CI_R1/TB2512.LR.Asm.fasta	/n/data1/hms/dbmi/farhat/mm774/Projects/231121.MtbSetV3.151CI.CompleteAndSR.Asms/TB_Portals_24CI_R1/TB2512.SR.Asm.fasta
TB2981	TB_Portals_24CI_R1	/n/data1/hms/dbmi/farhat/mm774/Projects/231121.MtbSetV3.151CI.CompleteAndSR.Asms/TB_Portals_24CI_R1/TB2981.LR.Asm.fasta	/n/data1/hms/dbmi/farhat/mm774/Projects/231121.MtbSetV3.151CI.CompleteAndSR.Asms/TB_Portals_24CI_R1/TB2981.SR.Asm.fasta
TB3091	TB_Portals_24CI_R1	/n/data1/hms/dbmi/farhat/mm774/Projects/231121.MtbSetV3.151CI.CompleteAndSR.Asms/TB_Portals_24CI_R1/TB3091.LR.Asm.fasta	/n/data1/hms/dbmi/farhat/mm774/Projects/231121.MtbSetV3.151CI.CompleteAndSR.Asms/TB_Portals_24CI_R1/TB3091.SR.Asm.fasta
M0003941_3	Farhat_Peru_2019	/n/data1/hms/dbmi/farhat/mm774/Projects/231121.MtbSetV3.151CI.CompleteAndSR.Asms/Farhat_Peru_2019/M0003941_3.LR.Asm.fasta	/n/data1/hms/dbmi/farhat/mm774/Projects/231121.MtbSetV3.151CI.CompleteAndSR.Asms/Farhat_Peru_2019/M0003941_3.SR.Asm.fasta
TB3368	TB_Portals_24CI_R1	/n/data1/hms/dbmi/farhat/mm774/Projects/231121.MtbSetV3.151CI.CompleteAndSR.Asms/TB_Portals_24CI_R1/TB3368.LR.Asm.fasta	/n/data1/hms/dbmi/farhat/mm774/Projects/231121.MtbSetV3.151CI.CompleteAndSR.Asms/TB_Portals_24CI_R1/TB3368.SR.Asm.fasta
N0145	ChinerOms_2019	/n/data1/hms/dbmi/farhat/mm774/Projects/231121.MtbSetV3.151CI.CompleteAndSR.Asms/ChinerOms_2019/N0145.LR.Asm.fasta	/n/data1/hms/dbmi/farhat/mm774/Projects/231121.MtbSetV3.151CI.CompleteAndSR.Asms/ChinerOms_2019/N0145.SR.Asm.fasta
N0155	ChinerOms_2019	/n/data1/hms/dbmi/farhat/mm774/Projects/231121.MtbSetV3.151CI.CompleteAndSR.Asms/ChinerOms_2019/N0155.LR.Asm.fasta	/n/data1/hms/dbmi/farhat/mm774/Projects/231121.MtbSetV3.151CI.CompleteAndSR.Asms/ChinerOms_2019/N0155.SR.Asm.fasta
TB2995	TB_Portals_24CI_R1	/n/data1/hms/dbmi/farhat/mm774/Projects/231121.MtbSetV3.151CI.CompleteAndSR.Asms/TB_Portals_24CI_R1/TB2995.LR.Asm.fasta	/n/data1/hms/dbmi/farhat/mm774/Projects/231121.MtbSetV3.151CI.CompleteAndSR.Asms/TB_Portals_24CI_R1/TB2995.SR.Asm.fasta
TB3396	TB_Portals_24CI_R1	/n/data1/hms/dbmi/farhat/mm774/Projects/231121.MtbSetV3.151CI.CompleteAndSR.Asms/TB_Portals_24CI_R1/TB3396.LR.Asm.fasta	/n/data1/hms/dbmi/farhat/mm774/Projects/231121.MtbSetV3.151CI.CompleteAndSR.Asms/TB_Portals_24CI_R1/TB3396.SR.Asm.fasta
N0004	ChinerOms_2019	/n/data1/hms/dbmi/farhat/mm774/Projects/231121.MtbSetV3.151CI.CompleteAndSR.Asms/ChinerOms_2019/N0004.LR.Asm.fasta	/n/data1/hms/dbmi/farhat/mm774/Projects/231121.MtbSetV3.151CI.CompleteAndSR.Asms/ChinerOms_2019/N0004.SR.Asm.fasta
N1274	ChinerOms_2019	/n/data1/hms/dbmi/farhat/mm774/Projects/231121.MtbSetV3.151CI.CompleteAndSR.Asms/ChinerOms_2019/N1274.LR.Asm.fasta	/n/data1/hms/dbmi/farhat/mm774/Projects/231121.MtbSetV3.151CI.CompleteAndSR.Asms/ChinerOms_2019/N1274.SR.Asm.fasta
N0054	ChinerOms_2019	/n/data1/hms/dbmi/farhat/mm774/Projects/231121.MtbSetV3.151CI.CompleteAndSR.Asms/ChinerOms_2019/N0054.LR.Asm.fasta	/n/data1/hms/dbmi/farhat/mm774/Projects/231121.MtbSetV3.151CI.CompleteAndSR.Asms/ChinerOms_2019/N0054.SR.Asm.fasta
02_R1179	Farhat_Peru_2019	/n/data1/hms/dbmi/farhat/mm774/Projects/231121.MtbSetV3.151CI.CompleteAndSR.Asms/Farhat_Peru_2019/02_R1179.LR.Asm.fasta	/n/data1/hms/dbmi/farhat/mm774/Projects/231121.MtbSetV3.151CI.CompleteAndSR.Asms/Farhat_Peru_2019/02_R1179.SR.Asm.fasta
01_R1134	Farhat_Peru_2019	/n/data1/hms/dbmi/farhat/mm774/Projects/231121.MtbSetV3.151CI.CompleteAndSR.Asms/Farhat_Peru_2019/01_R1134.LR.Asm.fasta	/n/data1/hms/dbmi/farhat/mm774/Projects/231121.MtbSetV3.151CI.CompleteAndSR.Asms/Farhat_Peru_2019/01_R1134.SR.Asm.fasta
M0017522_5	Farhat_Peru_2019	/n/data1/hms/dbmi/farhat/mm774/Projects/231121.MtbSetV3.151CI.CompleteAndSR.Asms/Farhat_Peru_2019/M0017522_5.LR.Asm.fasta	/n/data1/hms/dbmi/farhat/mm774/Projects/231121.MtbSetV3.151CI.CompleteAndSR.Asms/Farhat_Peru_2019/M0017522_5.SR.Asm.fasta
M0016395_7	Farhat_Peru_2019	/n/data1/hms/dbmi/farhat/mm774/Projects/231121.MtbSetV3.151CI.CompleteAndSR.Asms/Farhat_Peru_2019/M0016395_7.LR.Asm.fasta	/n/data1/hms/dbmi/farhat/mm774/Projects/231121.MtbSetV3.151CI.CompleteAndSR.Asms/Farhat_Peru_2019/M0016395_7.SR.Asm.fasta
M0010874_7	Farhat_Peru_2019	/n/data1/hms/dbmi/farhat/mm774/Projects/231121.MtbSetV3.151CI.CompleteAndSR.Asms/Farhat_Peru_2019/M0010874_7.LR.Asm.fasta	/n/data1/hms/dbmi/farhat/mm774/Projects/231121.MtbSetV3.151CI.CompleteAndSR.Asms/Farhat_Peru_2019/M0010874_7.SR.Asm.fasta
02_R1708	Farhat_Peru_2019	/n/data1/hms/dbmi/farhat/mm774/Projects/231121.MtbSetV3.151CI.CompleteAndSR.Asms/Farhat_Peru_2019/02_R1708.LR.Asm.fasta	/n/data1/hms/dbmi/farhat/mm774/Projects/231121.MtbSetV3.151CI.CompleteAndSR.Asms/Farhat_Peru_2019/02_R1708.SR.Asm.fasta
02_R0894	Farhat_Peru_2019	/n/data1/hms/dbmi/farhat/mm774/Projects/231121.MtbSetV3.151CI.CompleteAndSR.Asms/Farhat_Peru_2019/02_R0894.LR.Asm.fasta	/n/data1/hms/dbmi/farhat/mm774/Projects/231121.MtbSetV3.151CI.CompleteAndSR.Asms/Farhat_Peru_2019/02_R0894.SR.Asm.fasta
01_R1430	Farhat_Peru_2019	/n/data1/hms/dbmi/farhat/mm774/Projects/231121.MtbSetV3.151CI.CompleteAndSR.Asms/Farhat_Peru_2019/01_R1430.LR.Asm.fasta	/n/data1/hms/dbmi/farhat/mm774/Projects/231121.MtbSetV3.151CI.CompleteAndSR.Asms/Farhat_Peru_2019/01_R1430.SR.Asm.fasta
M0014888_3	Farhat_Peru_2019	/n/data1/hms/dbmi/farhat/mm774/Projects/231121.MtbSetV3.151CI.CompleteAndSR.Asms/Farhat_Peru_2019/M0014888_3.LR.Asm.fasta	/n/data1/hms/dbmi/farhat/mm774/Projects/231121.MtbSetV3.151CI.CompleteAndSR.Asms/Farhat_Peru_2019/M0014888_3.SR.Asm.fasta
02_R1896	Farhat_Peru_2019	/n/data1/hms/dbmi/farhat/mm774/Projects/231121.MtbSetV3.151CI.CompleteAndSR.Asms/Farhat_Peru_2019/02_R1896.LR.Asm.fasta	/n/data1/hms/dbmi/farhat/mm774/Projects/231121.MtbSetV3.151CI.CompleteAndSR.Asms/Farhat_Peru_2019/02_R1896.SR.Asm.fasta
TB4620	TB_Portals_24CI_R1	/n/data1/hms/dbmi/farhat/mm774/Projects/231121.MtbSetV3.151CI.CompleteAndSR.Asms/TB_Portals_24CI_R1/TB4620.LR.Asm.fasta	/n/data1/hms/dbmi/farhat/mm774/Projects/231121.MtbSetV3.151CI.CompleteAndSR.Asms/TB_Portals_24CI_R1/TB4620.SR.Asm.fasta
TB3162	TB_Portals_24CI_R1	/n/data1/hms/dbmi/farhat/mm774/Projects/231121.MtbSetV3.151CI.CompleteAndSR.Asms/TB_Portals_24CI_R1/TB3162.LR.Asm.fasta	/n/data1/hms/dbmi/farhat/mm774/Projects/231121.MtbSetV3.151CI.CompleteAndSR.Asms/TB_Portals_24CI_R1/TB3162.SR.Asm.fasta
MT_0080	Lee2020_Elife	/n/data1/hms/dbmi/farhat/mm774/Projects/231121.MtbSetV3.151CI.CompleteAndSR.Asms/Lee2020_Elife/MT_0080.LR.Asm.fasta	/n/data1/hms/dbmi/farhat/mm774/Projects/231121.MtbSetV3.151CI.CompleteAndSR.Asms/Lee2020_Elife/MT_0080.SR.Asm.fasta
TB3054	TB_Portals_24CI_R1	/n/data1/hms/dbmi/farhat/mm774/Projects/231121.MtbSetV3.151CI.CompleteAndSR.Asms/TB_Portals_24CI_R1/TB3054.LR.Asm.fasta	/n/data1/hms/dbmi/farhat/mm774/Projects/231121.MtbSetV3.151CI.CompleteAndSR.Asms/TB_Portals_24CI_R1/TB3054.SR.Asm.fasta
TB3251	TB_Portals_24CI_R1	/n/data1/hms/dbmi/farhat/mm774/Projects/231121.MtbSetV3.151CI.CompleteAndSR.Asms/TB_Portals_24CI_R1/TB3251.LR.Asm.fasta	/n/data1/hms/dbmi/farhat/mm774/Projects/231121.MtbSetV3.151CI.CompleteAndSR.Asms/TB_Portals_24CI_R1/TB3251.SR.Asm.fasta
M0016737_0	Farhat_Peru_2019	/n/data1/hms/dbmi/farhat/mm774/Projects/231121.MtbSetV3.151CI.CompleteAndSR.Asms/Farhat_Peru_2019/M0016737_0.LR.Asm.fasta	/n/data1/hms/dbmi/farhat/mm774/Projects/231121.MtbSetV3.151CI.CompleteAndSR.Asms/Farhat_Peru_2019/M0016737_0.SR.Asm.fasta
TB2661	TB_Portals_24CI_R1	/n/data1/hms/dbmi/farhat/mm774/Projects/231121.MtbSetV3.151CI.CompleteAndSR.Asms/TB_Portals_24CI_R1/TB2661.LR.Asm.fasta	/n/data1/hms/dbmi/farhat/mm774/Projects/231121.MtbSetV3.151CI.CompleteAndSR.Asms/TB_Portals_24CI_R1/TB2661.SR.Asm.fasta
TB3237	TB_Portals_24CI_R1	/n/data1/hms/dbmi/farhat/mm774/Projects/231121.MtbSetV3.151CI.CompleteAndSR.Asms/TB_Portals_24CI_R1/TB3237.LR.Asm.fasta	/n/data1/hms/dbmi/farhat/mm774/Projects/231121.MtbSetV3.151CI.CompleteAndSR.Asms/TB_Portals_24CI_R1/TB3237.SR.Asm.fasta
TB3169	TB_Portals_24CI_R1	/n/data1/hms/dbmi/farhat/mm774/Projects/231121.MtbSetV3.151CI.CompleteAndSR.Asms/TB_Portals_24CI_R1/TB3169.LR.Asm.fasta	/n/data1/hms/dbmi/farhat/mm774/Projects/231121.MtbSetV3.151CI.CompleteAndSR.Asms/TB_Portals_24CI_R1/TB3169.SR.Asm.fasta
TB3386	TB_Portals_24CI_R1	/n/data1/hms/dbmi/farhat/mm774/Projects/231121.MtbSetV3.151CI.CompleteAndSR.Asms/TB_Portals_24CI_R1/TB3386.LR.Asm.fasta	/n/data1/hms/dbmi/farhat/mm774/Projects/231121.MtbSetV3.151CI.CompleteAndSR.Asms/TB_Portals_24CI_R1/TB3386.SR.Asm.fasta
TB3334	TB_Portals_24CI_R1	/n/data1/hms/dbmi/farhat/mm774/Projects/231121.MtbSetV3.151CI.CompleteAndSR.Asms/TB_Portals_24CI_R1/TB3334.LR.Asm.fasta	/n/data1/hms/dbmi/farhat/mm774/Projects/231121.MtbSetV3.151CI.CompleteAndSR.Asms/TB_Portals_24CI_R1/TB3334.SR.Asm.fasta
M0011368_9	Farhat_Peru_2019	/n/data1/hms/dbmi/farhat/mm774/Projects/231121.MtbSetV3.151CI.CompleteAndSR.Asms/Farhat_Peru_2019/M0011368_9.LR.Asm.fasta	/n/data1/hms/dbmi/farhat/mm774/Projects/231121.MtbSetV3.151CI.CompleteAndSR.Asms/Farhat_Peru_2019/M0011368_9.SR.Asm.fasta
TB2968	TB_Portals_24CI_R1	/n/data1/hms/dbmi/farhat/mm774/Projects/231121.MtbSetV3.151CI.CompleteAndSR.Asms/TB_Portals_24CI_R1/TB2968.LR.Asm.fasta	/n/data1/hms/dbmi/farhat/mm774/Projects/231121.MtbSetV3.151CI.CompleteAndSR.Asms/TB_Portals_24CI_R1/TB2968.SR.Asm.fasta
N1272	ChinerOms_2019	/n/data1/hms/dbmi/farhat/mm774/Projects/231121.MtbSetV3.151CI.CompleteAndSR.Asms/ChinerOms_2019/N1272.LR.Asm.fasta	/n/data1/hms/dbmi/farhat/mm774/Projects/231121.MtbSetV3.151CI.CompleteAndSR.Asms/ChinerOms_2019/N1272.SR.Asm.fasta
N1176	ChinerOms_2019	/n/data1/hms/dbmi/farhat/mm774/Projects/231121.MtbSetV3.151CI.CompleteAndSR.Asms/ChinerOms_2019/N1176.LR.Asm.fasta	/n/data1/hms/dbmi/farhat/mm774/Projects/231121.MtbSetV3.151CI.CompleteAndSR.Asms/ChinerOms_2019/N1176.SR.Asm.fasta
N1202	ChinerOms_2019	/n/data1/hms/dbmi/farhat/mm774/Projects/231121.MtbSetV3.151CI.CompleteAndSR.Asms/ChinerOms_2019/N1202.LR.Asm.fasta	/n/data1/hms/dbmi/farhat/mm774/Projects/231121.MtbSetV3.151CI.CompleteAndSR.Asms/ChinerOms_2019/N1202.SR.Asm.fasta
N1177	ChinerOms_2019	/n/data1/hms/dbmi/farhat/mm774/Projects/231121.MtbSetV3.151CI.CompleteAndSR.Asms/ChinerOms_2019/N1177.LR.Asm.fasta	/n/data1/hms/dbmi/farhat/mm774/Projects/231121.MtbSetV3.151CI.CompleteAndSR.Asms/ChinerOms_2019/N1177.SR.Asm.fasta
N0091	ChinerOms_2019	/n/data1/hms/dbmi/farhat/mm774/Projects/231121.MtbSetV3.151CI.CompleteAndSR.Asms/ChinerOms_2019/N0091.LR.Asm.fasta	/n/data1/hms/dbmi/farhat/mm774/Projects/231121.MtbSetV3.151CI.CompleteAndSR.Asms/ChinerOms_2019/N0091.SR.Asm.fasta
RW-TB008	Ngabonziza_Lin8_2020	/n/data1/hms/dbmi/farhat/mm774/Projects/231121.MtbSetV3.151CI.CompleteAndSR.Asms/Ngabonziza_Lin8_2020/RW-TB008.LR.Asm.fasta	/n/data1/hms/dbmi/farhat/mm774/Projects/231121.MtbSetV3.151CI.CompleteAndSR.Asms/Ngabonziza_Lin8_2020/RW-TB008.SR.Asm.fasta
9050-05	Peker2021	/n/data1/hms/dbmi/farhat/mm774/Projects/231121.MtbSetV3.151CI.CompleteAndSR.Asms/Peker2021/9050-05.LR.Asm.fasta	/n/data1/hms/dbmi/farhat/mm774/Projects/231121.MtbSetV3.151CI.CompleteAndSR.Asms/Peker2021/9050-05.SR.Asm.fasta
4549-04	Peker2021	/n/data1/hms/dbmi/farhat/mm774/Projects/231121.MtbSetV3.151CI.CompleteAndSR.Asms/Peker2021/4549-04.LR.Asm.fasta	/n/data1/hms/dbmi/farhat/mm774/Projects/231121.MtbSetV3.151CI.CompleteAndSR.Asms/Peker2021/4549-04.SR.Asm.fasta
696-05	Peker2021	/n/data1/hms/dbmi/farhat/mm774/Projects/231121.MtbSetV3.151CI.CompleteAndSR.Asms/Peker2021/696-05.LR.Asm.fasta	/n/data1/hms/dbmi/farhat/mm774/Projects/231121.MtbSetV3.151CI.CompleteAndSR.Asms/Peker2021/696-05.SR.Asm.fasta
702-06	Peker2021	/n/data1/hms/dbmi/farhat/mm774/Projects/231121.MtbSetV3.151CI.CompleteAndSR.Asms/Peker2021/702-06.LR.Asm.fasta	/n/data1/hms/dbmi/farhat/mm774/Projects/231121.MtbSetV3.151CI.CompleteAndSR.Asms/Peker2021/702-06.SR.Asm.fasta
706-05	Peker2021	/n/data1/hms/dbmi/farhat/mm774/Projects/231121.MtbSetV3.151CI.CompleteAndSR.Asms/Peker2021/706-05.LR.Asm.fasta	/n/data1/hms/dbmi/farhat/mm774/Projects/231121.MtbSetV3.151CI.CompleteAndSR.Asms/Peker2021/706-05.SR.Asm.fasta
8129-04	Peker2021	/n/data1/hms/dbmi/farhat/mm774/Projects/231121.MtbSetV3.151CI.CompleteAndSR.Asms/Peker2021/8129-04.LR.Asm.fasta	/n/data1/hms/dbmi/farhat/mm774/Projects/231121.MtbSetV3.151CI.CompleteAndSR.Asms/Peker2021/8129-04.SR.Asm.fasta
3003-06	Peker2021	/n/data1/hms/dbmi/farhat/mm774/Projects/231121.MtbSetV3.151CI.CompleteAndSR.Asms/Peker2021/3003-06.LR.Asm.fasta	/n/data1/hms/dbmi/farhat/mm774/Projects/231121.MtbSetV3.151CI.CompleteAndSR.Asms/Peker2021/3003-06.SR.Asm.fasta
8651-04	Peker2021	/n/data1/hms/dbmi/farhat/mm774/Projects/231121.MtbSetV3.151CI.CompleteAndSR.Asms/Peker2021/8651-04.LR.Asm.fasta	/n/data1/hms/dbmi/farhat/mm774/Projects/231121.MtbSetV3.151CI.CompleteAndSR.Asms/Peker2021/8651-04.SR.Asm.fasta
QC-3	Peker2021	/n/data1/hms/dbmi/farhat/mm774/Projects/231121.MtbSetV3.151CI.CompleteAndSR.Asms/Peker2021/QC-3.LR.Asm.fasta	/n/data1/hms/dbmi/farhat/mm774/Projects/231121.MtbSetV3.151CI.CompleteAndSR.Asms/Peker2021/QC-3.SR.Asm.fasta
QC-9	Peker2021	/n/data1/hms/dbmi/farhat/mm774/Projects/231121.MtbSetV3.151CI.CompleteAndSR.Asms/Peker2021/QC-9.LR.Asm.fasta	/n/data1/hms/dbmi/farhat/mm774/Projects/231121.MtbSetV3.151CI.CompleteAndSR.Asms/Peker2021/QC-9.SR.Asm.fasta
QC-5	Peker2021	/n/data1/hms/dbmi/farhat/mm774/Projects/231121.MtbSetV3.151CI.CompleteAndSR.Asms/Peker2021/QC-5.LR.Asm.fasta	/n/data1/hms/dbmi/farhat/mm774/Projects/231121.MtbSetV3.151CI.CompleteAndSR.Asms/Peker2021/QC-5.SR.Asm.fasta
QC-8	Peker2021	/n/data1/hms/dbmi/farhat/mm774/Projects/231121.MtbSetV3.151CI.CompleteAndSR.Asms/Peker2021/QC-8.LR.Asm.fasta	/n/data1/hms/dbmi/farhat/mm774/Projects/231121.MtbSetV3.151CI.CompleteAndSR.Asms/Peker2021/QC-8.SR.Asm.fasta
QC-10	Peker2021	/n/data1/hms/dbmi/farhat/mm774/Projects/231121.MtbSetV3.151CI.CompleteAndSR.Asms/Peker2021/QC-10.LR.Asm.fasta	/n/data1/hms/dbmi/farhat/mm774/Projects/231121.MtbSetV3.151CI.CompleteAndSR.Asms/Peker2021/QC-10.SR.Asm.fasta
QC-4	Peker2021	/n/data1/hms/dbmi/farhat/mm774/Projects/231121.MtbSetV3.151CI.CompleteAndSR.Asms/Peker2021/QC-4.LR.Asm.fasta	/n/data1/hms/dbmi/farhat/mm774/Projects/231121.MtbSetV3.151CI.CompleteAndSR.Asms/Peker2021/QC-4.SR.Asm.fasta
QC-7	Peker2021	/n/data1/hms/dbmi/farhat/mm774/Projects/231121.MtbSetV3.151CI.CompleteAndSR.Asms/Peker2021/QC-7.LR.Asm.fasta	/n/data1/hms/dbmi/farhat/mm774/Projects/231121.MtbSetV3.151CI.CompleteAndSR.Asms/Peker2021/QC-7.SR.Asm.fasta
QC-6	Peker2021	/n/data1/hms/dbmi/farhat/mm774/Projects/231121.MtbSetV3.151CI.CompleteAndSR.Asms/Peker2021/QC-6.LR.Asm.fasta	/n/data1/hms/dbmi/farhat/mm774/Projects/231121.MtbSetV3.151CI.CompleteAndSR.Asms/Peker2021/QC-6.SR.Asm.fasta
QC-1	Peker2021	/n/data1/hms/dbmi/farhat/mm774/Projects/231121.MtbSetV3.151CI.CompleteAndSR.Asms/Peker2021/QC-1.LR.Asm.fasta	/n/data1/hms/dbmi/farhat/mm774/Projects/231121.MtbSetV3.151CI.CompleteAndSR.Asms/Peker2021/QC-1.SR.Asm.fasta
mada_1-10	Hall2022	/n/data1/hms/dbmi/farhat/mm774/Projects/231121.MtbSetV3.151CI.CompleteAndSR.Asms/Hall2022/mada_1-10.LR.Asm.fasta	/n/data1/hms/dbmi/farhat/mm774/Projects/231121.MtbSetV3.151CI.CompleteAndSR.Asms/Hall2022/mada_1-10.SR.Asm.fasta
mada_2-46	Hall2022	/n/data1/hms/dbmi/farhat/mm774/Projects/231121.MtbSetV3.151CI.CompleteAndSR.Asms/Hall2022/mada_2-46.LR.Asm.fasta	/n/data1/hms/dbmi/farhat/mm774/Projects/231121.MtbSetV3.151CI.CompleteAndSR.Asms/Hall2022/mada_2-46.SR.Asm.fasta
mada_1-1	Hall2022	/n/data1/hms/dbmi/farhat/mm774/Projects/231121.MtbSetV3.151CI.CompleteAndSR.Asms/Hall2022/mada_1-1.LR.Asm.fasta	/n/data1/hms/dbmi/farhat/mm774/Projects/231121.MtbSetV3.151CI.CompleteAndSR.Asms/Hall2022/mada_1-1.SR.Asm.fasta
mada_1-36	Hall2022	/n/data1/hms/dbmi/farhat/mm774/Projects/231121.MtbSetV3.151CI.CompleteAndSR.Asms/Hall2022/mada_1-36.LR.Asm.fasta	/n/data1/hms/dbmi/farhat/mm774/Projects/231121.MtbSetV3.151CI.CompleteAndSR.Asms/Hall2022/mada_1-36.SR.Asm.fasta
mada_1-39	Hall2022	/n/data1/hms/dbmi/farhat/mm774/Projects/231121.MtbSetV3.151CI.CompleteAndSR.Asms/Hall2022/mada_1-39.LR.Asm.fasta	/n/data1/hms/dbmi/farhat/mm774/Projects/231121.MtbSetV3.151CI.CompleteAndSR.Asms/Hall2022/mada_1-39.SR.Asm.fasta
mada_1-51	Hall2022	/n/data1/hms/dbmi/farhat/mm774/Projects/231121.MtbSetV3.151CI.CompleteAndSR.Asms/Hall2022/mada_1-51.LR.Asm.fasta	/n/data1/hms/dbmi/farhat/mm774/Projects/231121.MtbSetV3.151CI.CompleteAndSR.Asms/Hall2022/mada_1-51.SR.Asm.fasta
mada_1-44	Hall2022	/n/data1/hms/dbmi/farhat/mm774/Projects/231121.MtbSetV3.151CI.CompleteAndSR.Asms/Hall2022/mada_1-44.LR.Asm.fasta	/n/data1/hms/dbmi/farhat/mm774/Projects/231121.MtbSetV3.151CI.CompleteAndSR.Asms/Hall2022/mada_1-44.SR.Asm.fasta
mada_117	Hall2022	/n/data1/hms/dbmi/farhat/mm774/Projects/231121.MtbSetV3.151CI.CompleteAndSR.Asms/Hall2022/mada_117.LR.Asm.fasta	/n/data1/hms/dbmi/farhat/mm774/Projects/231121.MtbSetV3.151CI.CompleteAndSR.Asms/Hall2022/mada_117.SR.Asm.fasta
mada_118	Hall2022	/n/data1/hms/dbmi/farhat/mm774/Projects/231121.MtbSetV3.151CI.CompleteAndSR.Asms/Hall2022/mada_118.LR.Asm.fasta	/n/data1/hms/dbmi/farhat/mm774/Projects/231121.MtbSetV3.151CI.CompleteAndSR.Asms/Hall2022/mada_118.SR.Asm.fasta
mada_122	Hall2022	/n/data1/hms/dbmi/farhat/mm774/Projects/231121.MtbSetV3.151CI.CompleteAndSR.Asms/Hall2022/mada_122.LR.Asm.fasta	/n/data1/hms/dbmi/farhat/mm774/Projects/231121.MtbSetV3.151CI.CompleteAndSR.Asms/Hall2022/mada_122.SR.Asm.fasta
mada_107	Hall2022	/n/data1/hms/dbmi/farhat/mm774/Projects/231121.MtbSetV3.151CI.CompleteAndSR.Asms/Hall2022/mada_107.LR.Asm.fasta	/n/data1/hms/dbmi/farhat/mm774/Projects/231121.MtbSetV3.151CI.CompleteAndSR.Asms/Hall2022/mada_107.SR.Asm.fasta
R27252	Hall2022	/n/data1/hms/dbmi/farhat/mm774/Projects/231121.MtbSetV3.151CI.CompleteAndSR.Asms/Hall2022/R27252.LR.Asm.fasta	/n/data1/hms/dbmi/farhat/mm774/Projects/231121.MtbSetV3.151CI.CompleteAndSR.Asms/Hall2022/R27252.SR.Asm.fasta
R23887	Hall2022	/n/data1/hms/dbmi/farhat/mm774/Projects/231121.MtbSetV3.151CI.CompleteAndSR.Asms/Hall2022/R23887.LR.Asm.fasta	/n/data1/hms/dbmi/farhat/mm774/Projects/231121.MtbSetV3.151CI.CompleteAndSR.Asms/Hall2022/R23887.SR.Asm.fasta
R30215	Hall2022	/n/data1/hms/dbmi/farhat/mm774/Projects/231121.MtbSetV3.151CI.CompleteAndSR.Asms/Hall2022/R30215.LR.Asm.fasta	/n/data1/hms/dbmi/farhat/mm774/Projects/231121.MtbSetV3.151CI.CompleteAndSR.Asms/Hall2022/R30215.SR.Asm.fasta
R30078	Hall2022	/n/data1/hms/dbmi/farhat/mm774/Projects/231121.MtbSetV3.151CI.CompleteAndSR.Asms/Hall2022/R30078.LR.Asm.fasta	/n/data1/hms/dbmi/farhat/mm774/Projects/231121.MtbSetV3.151CI.CompleteAndSR.Asms/Hall2022/R30078.SR.Asm.fasta
R29816	Hall2022	/n/data1/hms/dbmi/farhat/mm774/Projects/231121.MtbSetV3.151CI.CompleteAndSR.Asms/Hall2022/R29816.LR.Asm.fasta	/n/data1/hms/dbmi/farhat/mm774/Projects/231121.MtbSetV3.151CI.CompleteAndSR.Asms/Hall2022/R29816.SR.Asm.fasta
R30234	Hall2022	/n/data1/hms/dbmi/farhat/mm774/Projects/231121.MtbSetV3.151CI.CompleteAndSR.Asms/Hall2022/R30234.LR.Asm.fasta	/n/data1/hms/dbmi/farhat/mm774/Projects/231121.MtbSetV3.151CI.CompleteAndSR.Asms/Hall2022/R30234.SR.Asm.fasta
18_0621851	Hall2022	/n/data1/hms/dbmi/farhat/mm774/Projects/231121.MtbSetV3.151CI.CompleteAndSR.Asms/Hall2022/18_0621851.LR.Asm.fasta	/n/data1/hms/dbmi/farhat/mm774/Projects/231121.MtbSetV3.151CI.CompleteAndSR.Asms/Hall2022/18_0621851.SR.Asm.fasta
R36431	Hall2022	/n/data1/hms/dbmi/farhat/mm774/Projects/231121.MtbSetV3.151CI.CompleteAndSR.Asms/Hall2022/R36431.LR.Asm.fasta	/n/data1/hms/dbmi/farhat/mm774/Projects/231121.MtbSetV3.151CI.CompleteAndSR.Asms/Hall2022/R36431.SR.Asm.fasta
R28703	Hall2022	/n/data1/hms/dbmi/farhat/mm774/Projects/231121.MtbSetV3.151CI.CompleteAndSR.Asms/Hall2022/R28703.LR.Asm.fasta	/n/data1/hms/dbmi/farhat/mm774/Projects/231121.MtbSetV3.151CI.CompleteAndSR.Asms/Hall2022/R28703.SR.Asm.fasta
mada_115	Hall2022	/n/data1/hms/dbmi/farhat/mm774/Projects/231121.MtbSetV3.151CI.CompleteAndSR.Asms/Hall2022/mada_115.LR.Asm.fasta	/n/data1/hms/dbmi/farhat/mm774/Projects/231121.MtbSetV3.151CI.CompleteAndSR.Asms/Hall2022/mada_115.SR.Asm.fasta
mada_2-42	Hall2022	/n/data1/hms/dbmi/farhat/mm774/Projects/231121.MtbSetV3.151CI.CompleteAndSR.Asms/Hall2022/mada_2-42.LR.Asm.fasta	/n/data1/hms/dbmi/farhat/mm774/Projects/231121.MtbSetV3.151CI.CompleteAndSR.Asms/Hall2022/mada_2-42.SR.Asm.fasta
R31095	Hall2022	/n/data1/hms/dbmi/farhat/mm774/Projects/231121.MtbSetV3.151CI.CompleteAndSR.Asms/Hall2022/R31095.LR.Asm.fasta	/n/data1/hms/dbmi/farhat/mm774/Projects/231121.MtbSetV3.151CI.CompleteAndSR.Asms/Hall2022/R31095.SR.Asm.fasta
R28012	Hall2022	/n/data1/hms/dbmi/farhat/mm774/Projects/231121.MtbSetV3.151CI.CompleteAndSR.Asms/Hall2022/R28012.LR.Asm.fasta	/n/data1/hms/dbmi/farhat/mm774/Projects/231121.MtbSetV3.151CI.CompleteAndSR.Asms/Hall2022/R28012.SR.Asm.fasta
R37765	Hall2022	/n/data1/hms/dbmi/farhat/mm774/Projects/231121.MtbSetV3.151CI.CompleteAndSR.Asms/Hall2022/R37765.LR.Asm.fasta	/n/data1/hms/dbmi/farhat/mm774/Projects/231121.MtbSetV3.151CI.CompleteAndSR.Asms/Hall2022/R37765.SR.Asm.fasta
R27657	Hall2022	/n/data1/hms/dbmi/farhat/mm774/Projects/231121.MtbSetV3.151CI.CompleteAndSR.Asms/Hall2022/R27657.LR.Asm.fasta	/n/data1/hms/dbmi/farhat/mm774/Projects/231121.MtbSetV3.151CI.CompleteAndSR.Asms/Hall2022/R27657.SR.Asm.fasta
R25048	Hall2022	/n/data1/hms/dbmi/farhat/mm774/Projects/231121.MtbSetV3.151CI.CompleteAndSR.Asms/Hall2022/R25048.LR.Asm.fasta	/n/data1/hms/dbmi/farhat/mm774/Projects/231121.MtbSetV3.151CI.CompleteAndSR.Asms/Hall2022/R25048.SR.Asm.fasta
R24120	Hall2022	/n/data1/hms/dbmi/farhat/mm774/Projects/231121.MtbSetV3.151CI.CompleteAndSR.Asms/Hall2022/R24120.LR.Asm.fasta	/n/data1/hms/dbmi/farhat/mm774/Projects/231121.MtbSetV3.151CI.CompleteAndSR.Asms/Hall2022/R24120.SR.Asm.fasta
R28581	Hall2022	/n/data1/hms/dbmi/farhat/mm774/Projects/231121.MtbSetV3.151CI.CompleteAndSR.Asms/Hall2022/R28581.LR.Asm.fasta	/n/data1/hms/dbmi/farhat/mm774/Projects/231121.MtbSetV3.151CI.CompleteAndSR.Asms/Hall2022/R28581.SR.Asm.fasta
R29598	Hall2022	/n/data1/hms/dbmi/farhat/mm774/Projects/231121.MtbSetV3.151CI.CompleteAndSR.Asms/Hall2022/R29598.LR.Asm.fasta	/n/data1/hms/dbmi/farhat/mm774/Projects/231121.MtbSetV3.151CI.CompleteAndSR.Asms/Hall2022/R29598.SR.Asm.fasta
mada_1-11	Hall2022	/n/data1/hms/dbmi/farhat/mm774/Projects/231121.MtbSetV3.151CI.CompleteAndSR.Asms/Hall2022/mada_1-11.LR.Asm.fasta	/n/data1/hms/dbmi/farhat/mm774/Projects/231121.MtbSetV3.151CI.CompleteAndSR.Asms/Hall2022/mada_1-11.SR.Asm.fasta
R24100	Hall2022	/n/data1/hms/dbmi/farhat/mm774/Projects/231121.MtbSetV3.151CI.CompleteAndSR.Asms/Hall2022/R24100.LR.Asm.fasta	/n/data1/hms/dbmi/farhat/mm774/Projects/231121.MtbSetV3.151CI.CompleteAndSR.Asms/Hall2022/R24100.SR.Asm.fasta
R21408	Hall2022	/n/data1/hms/dbmi/farhat/mm774/Projects/231121.MtbSetV3.151CI.CompleteAndSR.Asms/Hall2022/R21408.LR.Asm.fasta	/n/data1/hms/dbmi/farhat/mm774/Projects/231121.MtbSetV3.151CI.CompleteAndSR.Asms/Hall2022/R21408.SR.Asm.fasta
R20574	Hall2022	/n/data1/hms/dbmi/farhat/mm774/Projects/231121.MtbSetV3.151CI.CompleteAndSR.Asms/Hall2022/R20574.LR.Asm.fasta	/n/data1/hms/dbmi/farhat/mm774/Projects/231121.MtbSetV3.151CI.CompleteAndSR.Asms/Hall2022/R20574.SR.Asm.fasta
R20260	Hall2022	/n/data1/hms/dbmi/farhat/mm774/Projects/231121.MtbSetV3.151CI.CompleteAndSR.Asms/Hall2022/R20260.LR.Asm.fasta	/n/data1/hms/dbmi/farhat/mm774/Projects/231121.MtbSetV3.151CI.CompleteAndSR.Asms/Hall2022/R20260.SR.Asm.fasta
R18043	Hall2022	/n/data1/hms/dbmi/farhat/mm774/Projects/231121.MtbSetV3.151CI.CompleteAndSR.Asms/Hall2022/R18043.LR.Asm.fasta	/n/data1/hms/dbmi/farhat/mm774/Projects/231121.MtbSetV3.151CI.CompleteAndSR.Asms/Hall2022/R18043.SR.Asm.fasta
R22601	Hall2022	/n/data1/hms/dbmi/farhat/mm774/Projects/231121.MtbSetV3.151CI.CompleteAndSR.Asms/Hall2022/R22601.LR.Asm.fasta	/n/data1/hms/dbmi/farhat/mm774/Projects/231121.MtbSetV3.151CI.CompleteAndSR.Asms/Hall2022/R22601.SR.Asm.fasta
R23146	Hall2022	/n/data1/hms/dbmi/farhat/mm774/Projects/231121.MtbSetV3.151CI.CompleteAndSR.Asms/Hall2022/R23146.LR.Asm.fasta	/n/data1/hms/dbmi/farhat/mm774/Projects/231121.MtbSetV3.151CI.CompleteAndSR.Asms/Hall2022/R23146.SR.Asm.fasta
R32929	Hall2022	/n/data1/hms/dbmi/farhat/mm774/Projects/231121.MtbSetV3.151CI.CompleteAndSR.Asms/Hall2022/R32929.LR.Asm.fasta	/n/data1/hms/dbmi/farhat/mm774/Projects/231121.MtbSetV3.151CI.CompleteAndSR.Asms/Hall2022/R32929.SR.Asm.fasta
R21893	Hall2022	/n/data1/hms/dbmi/farhat/mm774/Projects/231121.MtbSetV3.151CI.CompleteAndSR.Asms/Hall2022/R21893.LR.Asm.fasta	/n/data1/hms/dbmi/farhat/mm774/Projects/231121.MtbSetV3.151CI.CompleteAndSR.Asms/Hall2022/R21893.SR.Asm.fasta
R30420	Hall2022	/n/data1/hms/dbmi/farhat/mm774/Projects/231121.MtbSetV3.151CI.CompleteAndSR.Asms/Hall2022/R30420.LR.Asm.fasta	/n/data1/hms/dbmi/farhat/mm774/Projects/231121.MtbSetV3.151CI.CompleteAndSR.Asms/Hall2022/R30420.SR.Asm.fasta
R26778	Hall2022	/n/data1/hms/dbmi/farhat/mm774/Projects/231121.MtbSetV3.151CI.CompleteAndSR.Asms/Hall2022/R26778.LR.Asm.fasta	/n/data1/hms/dbmi/farhat/mm774/Projects/231121.MtbSetV3.151CI.CompleteAndSR.Asms/Hall2022/R26778.SR.Asm.fasta
R26791	Hall2022	/n/data1/hms/dbmi/farhat/mm774/Projects/231121.MtbSetV3.151CI.CompleteAndSR.Asms/Hall2022/R26791.LR.Asm.fasta	/n/data1/hms/dbmi/farhat/mm774/Projects/231121.MtbSetV3.151CI.CompleteAndSR.Asms/Hall2022/R26791.SR.Asm.fasta
R28980	Hall2022	/n/data1/hms/dbmi/farhat/mm774/Projects/231121.MtbSetV3.151CI.CompleteAndSR.Asms/Hall2022/R28980.LR.Asm.fasta	/n/data1/hms/dbmi/farhat/mm774/Projects/231121.MtbSetV3.151CI.CompleteAndSR.Asms/Hall2022/R28980.SR.Asm.fasta
R27725	Hall2022	/n/data1/hms/dbmi/farhat/mm774/Projects/231121.MtbSetV3.151CI.CompleteAndSR.Asms/Hall2022/R27725.LR.Asm.fasta	/n/data1/hms/dbmi/farhat/mm774/Projects/231121.MtbSetV3.151CI.CompleteAndSR.Asms/Hall2022/R27725.SR.Asm.fasta
R18040	Hall2022	/n/data1/hms/dbmi/farhat/mm774/Projects/231121.MtbSetV3.151CI.CompleteAndSR.Asms/Hall2022/R18040.LR.Asm.fasta	/n/data1/hms/dbmi/farhat/mm774/Projects/231121.MtbSetV3.151CI.CompleteAndSR.Asms/Hall2022/R18040.SR.Asm.fasta
R27937	Hall2022	/n/data1/hms/dbmi/farhat/mm774/Projects/231121.MtbSetV3.151CI.CompleteAndSR.Asms/Hall2022/R27937.LR.Asm.fasta	/n/data1/hms/dbmi/farhat/mm774/Projects/231121.MtbSetV3.151CI.CompleteAndSR.Asms/Hall2022/R27937.SR.Asm.fasta
mada_1-30	Hall2022	/n/data1/hms/dbmi/farhat/mm774/Projects/231121.MtbSetV3.151CI.CompleteAndSR.Asms/Hall2022/mada_1-30.LR.Asm.fasta	/n/data1/hms/dbmi/farhat/mm774/Projects/231121.MtbSetV3.151CI.CompleteAndSR.Asms/Hall2022/mada_1-30.SR.Asm.fasta
mada_2-31	Hall2022	/n/data1/hms/dbmi/farhat/mm774/Projects/231121.MtbSetV3.151CI.CompleteAndSR.Asms/Hall2022/mada_2-31.LR.Asm.fasta	/n/data1/hms/dbmi/farhat/mm774/Projects/231121.MtbSetV3.151CI.CompleteAndSR.Asms/Hall2022/mada_2-31.SR.Asm.fasta
mada_1-41	Hall2022	/n/data1/hms/dbmi/farhat/mm774/Projects/231121.MtbSetV3.151CI.CompleteAndSR.Asms/Hall2022/mada_1-41.LR.Asm.fasta	/n/data1/hms/dbmi/farhat/mm774/Projects/231121.MtbSetV3.151CI.CompleteAndSR.Asms/Hall2022/mada_1-41.SR.Asm.fasta
R21770	Hall2022	/n/data1/hms/dbmi/farhat/mm774/Projects/231121.MtbSetV3.151CI.CompleteAndSR.Asms/Hall2022/R21770.LR.Asm.fasta	/n/data1/hms/dbmi/farhat/mm774/Projects/231121.MtbSetV3.151CI.CompleteAndSR.Asms/Hall2022/R21770.SR.Asm.fasta
R21839	Hall2022	/n/data1/hms/dbmi/farhat/mm774/Projects/231121.MtbSetV3.151CI.CompleteAndSR.Asms/Hall2022/R21839.LR.Asm.fasta	/n/data1/hms/dbmi/farhat/mm774/Projects/231121.MtbSetV3.151CI.CompleteAndSR.Asms/Hall2022/R21839.SR.Asm.fasta
mada_1-32	Hall2022	/n/data1/hms/dbmi/farhat/mm774/Projects/231121.MtbSetV3.151CI.CompleteAndSR.Asms/Hall2022/mada_1-32.LR.Asm.fasta	/n/data1/hms/dbmi/farhat/mm774/Projects/231121.MtbSetV3.151CI.CompleteAndSR.Asms/Hall2022/mada_1-32.SR.Asm.fasta
R30396	Hall2022	/n/data1/hms/dbmi/farhat/mm774/Projects/231121.MtbSetV3.151CI.CompleteAndSR.Asms/Hall2022/R30396.LR.Asm.fasta	/n/data1/hms/dbmi/farhat/mm774/Projects/231121.MtbSetV3.151CI.CompleteAndSR.Asms/Hall2022/R30396.SR.Asm.fasta
R21363	Hall2022	/n/data1/hms/dbmi/farhat/mm774/Projects/231121.MtbSetV3.151CI.CompleteAndSR.Asms/Hall2022/R21363.LR.Asm.fasta	/n/data1/hms/dbmi/farhat/mm774/Projects/231121.MtbSetV3.151CI.CompleteAndSR.Asms/Hall2022/R21363.SR.Asm.fasta
R20896	Hall2022	/n/data1/hms/dbmi/farhat/mm774/Projects/231121.MtbSetV3.151CI.CompleteAndSR.Asms/Hall2022/R20896.LR.Asm.fasta	/n/data1/hms/dbmi/farhat/mm774/Projects/231121.MtbSetV3.151CI.CompleteAndSR.Asms/Hall2022/R20896.SR.Asm.fasta
mada_102	Hall2022	/n/data1/hms/dbmi/farhat/mm774/Projects/231121.MtbSetV3.151CI.CompleteAndSR.Asms/Hall2022/mada_102.LR.Asm.fasta	/n/data1/hms/dbmi/farhat/mm774/Projects/231121.MtbSetV3.151CI.CompleteAndSR.Asms/Hall2022/mada_102.SR.Asm.fasta
mada_129	Hall2022	/n/data1/hms/dbmi/farhat/mm774/Projects/231121.MtbSetV3.151CI.CompleteAndSR.Asms/Hall2022/mada_129.LR.Asm.fasta	/n/data1/hms/dbmi/farhat/mm774/Projects/231121.MtbSetV3.151CI.CompleteAndSR.Asms/Hall2022/mada_129.SR.Asm.fasta
mada_139	Hall2022	/n/data1/hms/dbmi/farhat/mm774/Projects/231121.MtbSetV3.151CI.CompleteAndSR.Asms/Hall2022/mada_139.LR.Asm.fasta	/n/data1/hms/dbmi/farhat/mm774/Projects/231121.MtbSetV3.151CI.CompleteAndSR.Asms/Hall2022/mada_139.SR.Asm.fasta
mada_151	Hall2022	/n/data1/hms/dbmi/farhat/mm774/Projects/231121.MtbSetV3.151CI.CompleteAndSR.Asms/Hall2022/mada_151.LR.Asm.fasta	/n/data1/hms/dbmi/farhat/mm774/Projects/231121.MtbSetV3.151CI.CompleteAndSR.Asms/Hall2022/mada_151.SR.Asm.fasta
mada_105	Hall2022	/n/data1/hms/dbmi/farhat/mm774/Projects/231121.MtbSetV3.151CI.CompleteAndSR.Asms/Hall2022/mada_105.LR.Asm.fasta	/n/data1/hms/dbmi/farhat/mm774/Projects/231121.MtbSetV3.151CI.CompleteAndSR.Asms/Hall2022/mada_105.SR.Asm.fasta
R15311	Hall2022	/n/data1/hms/dbmi/farhat/mm774/Projects/231121.MtbSetV3.151CI.CompleteAndSR.Asms/Hall2022/R15311.LR.Asm.fasta	/n/data1/hms/dbmi/farhat/mm774/Projects/231121.MtbSetV3.151CI.CompleteAndSR.Asms/Hall2022/R15311.SR.Asm.fasta
mada_103	Hall2022	/n/data1/hms/dbmi/farhat/mm774/Projects/231121.MtbSetV3.151CI.CompleteAndSR.Asms/Hall2022/mada_103.LR.Asm.fasta	/n/data1/hms/dbmi/farhat/mm774/Projects/231121.MtbSetV3.151CI.CompleteAndSR.Asms/Hall2022/mada_103.SR.Asm.fasta
mada_2-25	Hall2022	/n/data1/hms/dbmi/farhat/mm774/Projects/231121.MtbSetV3.151CI.CompleteAndSR.Asms/Hall2022/mada_2-25.LR.Asm.fasta	/n/data1/hms/dbmi/farhat/mm774/Projects/231121.MtbSetV3.151CI.CompleteAndSR.Asms/Hall2022/mada_2-25.SR.Asm.fasta
mada_112	Hall2022	/n/data1/hms/dbmi/farhat/mm774/Projects/231121.MtbSetV3.151CI.CompleteAndSR.Asms/Hall2022/mada_112.LR.Asm.fasta	/n/data1/hms/dbmi/farhat/mm774/Projects/231121.MtbSetV3.151CI.CompleteAndSR.Asms/Hall2022/mada_112.SR.Asm.fasta
mada_124	Hall2022	/n/data1/hms/dbmi/farhat/mm774/Projects/231121.MtbSetV3.151CI.CompleteAndSR.Asms/Hall2022/mada_124.LR.Asm.fasta	/n/data1/hms/dbmi/farhat/mm774/Projects/231121.MtbSetV3.151CI.CompleteAndSR.Asms/Hall2022/mada_124.SR.Asm.fasta
mada_126	Hall2022	/n/data1/hms/dbmi/farhat/mm774/Projects/231121.MtbSetV3.151CI.CompleteAndSR.Asms/Hall2022/mada_126.LR.Asm.fasta	/n/data1/hms/dbmi/farhat/mm774/Projects/231121.MtbSetV3.151CI.CompleteAndSR.Asms/Hall2022/mada_126.SR.Asm.fasta
mada_120	Hall2022	/n/data1/hms/dbmi/farhat/mm774/Projects/231121.MtbSetV3.151CI.CompleteAndSR.Asms/Hall2022/mada_120.LR.Asm.fasta	/n/data1/hms/dbmi/farhat/mm774/Projects/231121.MtbSetV3.151CI.CompleteAndSR.Asms/Hall2022/mada_120.SR.Asm.fasta
R23571	Hall2022	/n/data1/hms/dbmi/farhat/mm774/Projects/231121.MtbSetV3.151CI.CompleteAndSR.Asms/Hall2022/R23571.LR.Asm.fasta	/n/data1/hms/dbmi/farhat/mm774/Projects/231121.MtbSetV3.151CI.CompleteAndSR.Asms/Hall2022/R23571.SR.Asm.fasta
mada_128	Hall2022	/n/data1/hms/dbmi/farhat/mm774/Projects/231121.MtbSetV3.151CI.CompleteAndSR.Asms/Hall2022/mada_128.LR.Asm.fasta	/n/data1/hms/dbmi/farhat/mm774/Projects/231121.MtbSetV3.151CI.CompleteAndSR.Asms/Hall2022/mada_128.SR.Asm.fasta
mada_1-12	Hall2022	/n/data1/hms/dbmi/farhat/mm774/Projects/231121.MtbSetV3.151CI.CompleteAndSR.Asms/Hall2022/mada_1-12.LR.Asm.fasta	/n/data1/hms/dbmi/farhat/mm774/Projects/231121.MtbSetV3.151CI.CompleteAndSR.Asms/Hall2022/mada_1-12.SR.Asm.fasta
mada_1-15	Hall2022	/n/data1/hms/dbmi/farhat/mm774/Projects/231121.MtbSetV3.151CI.CompleteAndSR.Asms/Hall2022/mada_1-15.LR.Asm.fasta	/n/data1/hms/dbmi/farhat/mm774/Projects/231121.MtbSetV3.151CI.CompleteAndSR.Asms/Hall2022/mada_1-15.SR.Asm.fasta
mada_2-1	Hall2022	/n/data1/hms/dbmi/farhat/mm774/Projects/231121.MtbSetV3.151CI.CompleteAndSR.Asms/Hall2022/mada_2-1.LR.Asm.fasta	/n/data1/hms/dbmi/farhat/mm774/Projects/231121.MtbSetV3.151CI.CompleteAndSR.Asms/Hall2022/mada_2-1.SR.Asm.fasta
mada_1-53	Hall2022	/n/data1/hms/dbmi/farhat/mm774/Projects/231121.MtbSetV3.151CI.CompleteAndSR.Asms/Hall2022/mada_1-53.LR.Asm.fasta	/n/data1/hms/dbmi/farhat/mm774/Projects/231121.MtbSetV3.151CI.CompleteAndSR.Asms/Hall2022/mada_1-53.SR.Asm.fasta
mada_1-50	Hall2022	/n/data1/hms/dbmi/farhat/mm774/Projects/231121.MtbSetV3.151CI.CompleteAndSR.Asms/Hall2022/mada_1-50.LR.Asm.fasta	/n/data1/hms/dbmi/farhat/mm774/Projects/231121.MtbSetV3.151CI.CompleteAndSR.Asms/Hall2022/mada_1-50.SR.Asm.fasta
mada_123	Hall2022	/n/data1/hms/dbmi/farhat/mm774/Projects/231121.MtbSetV3.151CI.CompleteAndSR.Asms/Hall2022/mada_123.LR.Asm.fasta	/n/data1/hms/dbmi/farhat/mm774/Projects/231121.MtbSetV3.151CI.CompleteAndSR.Asms/Hall2022/mada_123.SR.Asm.fasta
mada_2-53	Hall2022	/n/data1/hms/dbmi/farhat/mm774/Projects/231121.MtbSetV3.151CI.CompleteAndSR.Asms/Hall2022/mada_2-53.LR.Asm.fasta	/n/data1/hms/dbmi/farhat/mm774/Projects/231121.MtbSetV3.151CI.CompleteAndSR.Asms/Hall2022/mada_2-53.SR.Asm.fasta
mada_1-38	Hall2022	/n/data1/hms/dbmi/farhat/mm774/Projects/231121.MtbSetV3.151CI.CompleteAndSR.Asms/Hall2022/mada_1-38.LR.Asm.fasta	/n/data1/hms/dbmi/farhat/mm774/Projects/231121.MtbSetV3.151CI.CompleteAndSR.Asms/Hall2022/mada_1-38.SR.Asm.fasta
S0070-08	TRUST_PB_Set1	/n/data1/hms/dbmi/farhat/mm774/Projects/231121.MtbSetV3.151CI.CompleteAndSR.Asms/TRUST_PB_Set1/S0070-08.LR.Asm.fasta	/n/data1/hms/dbmi/farhat/mm774/Projects/231121.MtbSetV3.151CI.CompleteAndSR.Asms/TRUST_PB_Set1/S0070-08.SR.Asm.fasta
S0085-01	TRUST_PB_Set1	/n/data1/hms/dbmi/farhat/mm774/Projects/231121.MtbSetV3.151CI.CompleteAndSR.Asms/TRUST_PB_Set1/S0085-01.LR.Asm.fasta	/n/data1/hms/dbmi/farhat/mm774/Projects/231121.MtbSetV3.151CI.CompleteAndSR.Asms/TRUST_PB_Set1/S0085-01.SR.Asm.fasta
S0107-01	TRUST_PB_Set1	/n/data1/hms/dbmi/farhat/mm774/Projects/231121.MtbSetV3.151CI.CompleteAndSR.Asms/TRUST_PB_Set1/S0107-01.LR.Asm.fasta	/n/data1/hms/dbmi/farhat/mm774/Projects/231121.MtbSetV3.151CI.CompleteAndSR.Asms/TRUST_PB_Set1/S0107-01.SR.Asm.fasta
S0089-01	TRUST_PB_Set1	/n/data1/hms/dbmi/farhat/mm774/Projects/231121.MtbSetV3.151CI.CompleteAndSR.Asms/TRUST_PB_Set1/S0089-01.LR.Asm.fasta	/n/data1/hms/dbmi/farhat/mm774/Projects/231121.MtbSetV3.151CI.CompleteAndSR.Asms/TRUST_PB_Set1/S0089-01.SR.Asm.fasta
S0256-08	TRUST_PB_Set1	/n/data1/hms/dbmi/farhat/mm774/Projects/231121.MtbSetV3.151CI.CompleteAndSR.Asms/TRUST_PB_Set1/S0256-08.LR.Asm.fasta	/n/data1/hms/dbmi/farhat/mm774/Projects/231121.MtbSetV3.151CI.CompleteAndSR.Asms/TRUST_PB_Set1/S0256-08.SR.Asm.fasta
S0123-01	TRUST_PB_Set1	/n/data1/hms/dbmi/farhat/mm774/Projects/231121.MtbSetV3.151CI.CompleteAndSR.Asms/TRUST_PB_Set1/S0123-01.LR.Asm.fasta	/n/data1/hms/dbmi/farhat/mm774/Projects/231121.MtbSetV3.151CI.CompleteAndSR.Asms/TRUST_PB_Set1/S0123-01.SR.Asm.fasta
S0106-01	TRUST_PB_Set1	/n/data1/hms/dbmi/farhat/mm774/Projects/231121.MtbSetV3.151CI.CompleteAndSR.Asms/TRUST_PB_Set1/S0106-01.LR.Asm.fasta	/n/data1/hms/dbmi/farhat/mm774/Projects/231121.MtbSetV3.151CI.CompleteAndSR.Asms/TRUST_PB_Set1/S0106-01.SR.Asm.fasta
S0262-02	TRUST_PB_Set1	/n/data1/hms/dbmi/farhat/mm774/Projects/231121.MtbSetV3.151CI.CompleteAndSR.Asms/TRUST_PB_Set1/S0262-02.LR.Asm.fasta	/n/data1/hms/dbmi/farhat/mm774/Projects/231121.MtbSetV3.151CI.CompleteAndSR.Asms/TRUST_PB_Set1/S0262-02.SR.Asm.fasta
